Workbook

Sheet Sheet1
A1: Employee ID | B1: Full Name | C1: Department | D1: Job Title | E1: Manager | F1: Email | G1: Phone | H1: Joining Date | I1: Employment Type | J1: Status | K1: City | L1: Years Of Service
A2: EMP001 | B2: Aarav Sharma | C2: Operations | D2: Operations Executive | E2: Priya Kapoor | F2: aarav.sharma@novabridge.com | G2: 9876543210 | H2: 45296 | I2: Full-Time | J2: Active | K2: Delhi | L2: =YEARFRAC(H2,TODAY()) -> 2.5388889
A3: EMP002 | B3: Meera Patel | C3: HR | D3: HR Associate | E3: Rahul Mehta | F3: meera.patel@novabridge.com | G3: 9876543211 | H3: 45337 | I3: Full-Time | J3: Active | K3: Mumbai | L3: =YEARFRAC(H3,TODAY()) -> 2.4277778
A4: EMP003 | B4: Arjun Singh | C4: Finance | D4: Finance Analyst | E4: Neha Verma | F4: arjun.singh@novabridge.com | G4: 9876543212 | H4: 45371 | I4: Full-Time | J4: Active | K4: Jaipur | L4: =YEARFRAC(H4,TODAY()) -> 2.3305556
A5: EMP004 | B5: Kavya Nair | C5: IT | D5: IT Support Executive | E5: Aman Khanna | F5: kavya.nair@novabridge.com | G5: 9876543213 | H5: 45392 | I5: Full-Time | J5: Active | K5: Bengaluru | L5: =YEARFRAC(H5,TODAY()) -> 2.275
A6: EMP005 | B6: Rohan Gupta | C6: Marketing | D6: Marketing Coordinator | E6: Sneha Joshi | F6: rohan.gupta@novabridge.com | G6: 9876543214 | H6: 45420 | I6: Contract | J6: Active | K6: Pune | L6: =YEARFRAC(H6,TODAY()) -> 2.1972222
A7: EMP006 | B7: Isha Verma | C7: Customer Support | D7: Support Executive | E7: Vikram Shah | F7: isha.verma@novabridge.com | G7: 9876543215 | H7: 45461 | I7: Full-Time | J7: Active | K7: Hyderabad | L7: =YEARFRAC(H7,TODAY()) -> 2.0861111
A8: EMP007 | B8: Dev Malhotra | C8: Administration | D8: Admin Executive | E8: Priya Kapoor | F8: dev.malhotra@novabridge.com | G8: 9876543216 | H8: 45498 | I8: Full-Time | J8: Active | K8: Delhi | L8: =YEARFRAC(H8,TODAY()) -> 1.9833333
A9: EMP008 | B9: Nisha Rao | C9: Operations | D9: Operations Analyst | E9: Priya Kapoor | F9: nisha.rao@novabridge.com | G9: 9876543217 | H9: 45516 | I9: Full-Time | J9: On Leave | K9: Chennai | L9: =YEARFRAC(H9,TODAY()) -> 1.9361111
A10: EMP009 | B10: Yash Jain | C10: Finance | D10: Accounts Executive | E10: Neha Verma | F10: yash.jain@novabridge.com | G10: 9876543218 | H10: 45536 | I10: Intern | J10: Active | K10: Ahmedabad | L10: =YEARFRAC(H10,TODAY()) -> 1.8833333
A11: EMP010 | B11: Ananya Bose | C11: HR | D11: Talent Acquisition Associate | E11: Rahul Mehta | F11: ananya.bose@novabridge.com | G11: 9876543219 | H11: 45580 | I11: Full-Time | J11: Active | K11: Kolkata | L11: =YEARFRAC(H11,TODAY()) -> 1.7611111
A12: EMP011 | B12: Aarav Sharma 11 | C12: Operations | D12: Operations Executive | E12: Priya Kapoor | F12: aarav.sharma11@novabridge.com | G12: 9876543220 | H12: 45296 | I12: Full-Time | J12: Active | K12: Delhi | L12: =YEARFRAC(H12,TODAY()) -> 2.5388889
A13: EMP012 | B13: Meera Patel 12 | C13: HR | D13: HR Associate | E13: Rahul Mehta | F13: meera.patel12@novabridge.com | G13: 9876543221 | H13: 45337 | I13: Full-Time | J13: Active | K13: Mumbai | L13: =YEARFRAC(H13,TODAY()) -> 2.4277778
... A111: EMP110 | B111: Ananya Bose 110 | C111: HR | D111: Talent Acquisition Associate | E111: Rahul Mehta | F111: ananya.bose110@novabridge.com | G111: 9876543319 | H111: 45580 | I111: Full-Time | J111: Active | K111: Kolkata | L111: =YEARFRAC(H111,TODAY()) -> 1.7611111

Sheet Employee Search
C8: Employee ID | D8: EMP090
C9: Employee Name | D9: {=XLOOKUP(D8,Sheet1!A:A,Sheet1!B:B)} -> Ananya Bose 90
C10: Department | D10: {=XLOOKUP(D8,Sheet1!A:A,Sheet1!C:C)} -> HR
C11: Job Title | D11: {=XLOOKUP(D8,Sheet1!A:A,Sheet1!D:D)} -> Talent Acquisition Associate
C12: Manager | D12: {=XLOOKUP(D8,Sheet1!A:A,Sheet1!E:E)} -> Rahul Mehta
C13: Email | D13: {=XLOOKUP(D8,Sheet1!A:A,Sheet1!F:F)} -> ananya.bose90@novabridge.com
C14: Status | D14: {=XLOOKUP(D8,Sheet1!A:A,Sheet1!J:J)} -> Active

Sheet HR Dashboard
A2: Total Employees | B2: =COUNTA(Sheet1!B2:B1000) -> 110
A3: Active Employees | B3: =COUNTIF(Sheet1!J2:J1000,"Active") -> 99
A4: Employees On Leave | B4: =COUNTIF(Sheet1!J2:J1000,"On Leave") -> 11
A5: Full-Time Employees | B5: =COUNTIF(Sheet1!I2:I1000,"Full-Time") -> 88
A6: Contract Employees | B6: =COUNTIF(Sheet1!I2:I1000,"Contract") -> 11
A7: Interns | B7: =COUNTIF(Sheet1!I2:I1000,"Intern") -> 11
A8: Departments | B8: {=COUNTA(UNIQUE(Sheet1!C2:C1000))} -> 7
A9: Cities Covered | B9: {=COUNTA(UNIQUE(Sheet1!K2:K1000))} -> 9
A10: Avg Years of Service | B10: =ROUND(AVERAGE(Sheet1!L2:L1000),1) -> 2.1
A11: Managers | B11: =IFERROR(__xludf.DUMMYFUNCTION("COUNTUNIQUE(Sheet1!E2:E1000)"),6.0) -> 6
A12: Latest Join Date | B12: =Max(Sheet1!H2:H1000) -> 45580
A13: Oldest Join Date | B13: =MIN(Sheet1!H2:H1000) -> 45296
